{
    "pathList": [
        [
            [
                47490000,
                83820000
            ],
            [
                54680000,
                83820000
            ]
        ]
    ],
    "viaOffset": 762000,
    "viaPitch": 762000,
    "viaPoints": [
        [
            47490000,
            83058000
        ],
        [
            54680000,
            83058000
        ],
        [
            48288888.88888889,
            83058000.0
        ],
        [
            49087777.777777776,
            83058000.0
        ],
        [
            49886666.666666664,
            83058000.0
        ],
        [
            50685555.55555555,
            83058000.0
        ],
        [
            51484444.44444445,
            83058000.0
        ],
        [
            52283333.333333336,
            83058000.0
        ],
        [
            53082222.222222224,
            83058000.0
        ],
        [
            53881111.11111111,
            83058000.0
        ],
        [
            54680000,
            84582000
        ],
        [
            47490000,
            84582000
        ],
        [
            53881111.11111111,
            84582000.0
        ],
        [
            53082222.222222224,
            84582000.0
        ],
        [
            52283333.333333336,
            84582000.0
        ],
        [
            51484444.44444445,
            84582000.0
        ],
        [
            50685555.55555555,
            84582000.0
        ],
        [
            49886666.666666664,
            84582000.0
        ],
        [
            49087777.777777776,
            84582000.0
        ],
        [
            48288888.88888889,
            84582000.0
        ]
    ]
}